{
  "version": 1,
  "author": "Anonymous maker",
  "editor": "wokwi",
  "parts": [
    { "type": "wokwi-arduino-uno", "id": "uno", "top": 0, "left": 0, "attrs": {} },
    {
      "type": "board-ssd1306",
      "id": "oled1",
      "top": 329.54,
      "left": 105.83,
      "attrs": { "i2cAddress": "0x3c" }
    }
  ],
  "connections": [
    [ "oled1:SDA", "uno:A4", "green", [ "v-105.6", "h76.87" ] ],
    [ "uno:A5", "oled1:SCL", "blue", [ "v96.5", "h-92.3" ] ],
    [ "uno:5V", "uno:GND.2", "red", [ "v0" ] ],
    [ "oled1:GND", "uno:GND.2", "black", [ "v-115.2", "h28.8" ] ],
    [ "uno:5V", "oled1:VCC", "red", [ "v67.7", "h-6.4" ] ]
  ],
  "dependencies": {}
}