{
  "version": 1,
  "author": "Anonymous maker",
  "editor": "wokwi",
  "parts": [
    { "type": "wokwi-arduino-uno", "id": "uno", "top": 144.6, "left": -19.8, "attrs": {} },
    {
      "type": "wokwi-membrane-keypad",
      "id": "keypad1",
      "top": -328.4,
      "left": -13.6,
      "attrs": {}
    }
  ],
  "connections": [
    [ "keypad1:C4", "uno:2", "yellow", [ "v48", "h57.3" ] ],
    [ "keypad1:C3", "uno:3", "limegreen", [ "v57.6", "h67.05" ] ],
    [ "keypad1:C2", "uno:4", "magenta", [ "v67.2", "h67.2" ] ],
    [ "keypad1:C1", "uno:5", "purple", [ "v76.8", "h67.1" ] ],
    [ "keypad1:R4", "uno:6", "white", [ "v86.4", "h57.4" ] ],
    [ "keypad1:R3", "uno:7", "gray", [ "v96", "h66.9" ] ],
    [ "keypad1:R2", "uno:8", "violet", [ "v105.6", "h57.2" ] ],
    [ "keypad1:R1", "uno:9", "blue", [ "v115.2", "h57.6" ] ]
  ],
  "dependencies": {}
}