{
  "version": 1,
  "author": "Anonymous maker",
  "editor": "wokwi",
  "parts": [
    { "type": "wokwi-arduino-uno", "id": "uno", "top": 0, "left": 0, "attrs": {} },
    {
      "type": "wokwi-led",
      "id": "led1",
      "top": -118.8,
      "left": 99.8,
      "attrs": { "color": "red" }
    },
    {
      "type": "wokwi-resistor",
      "id": "r1",
      "top": -63.25,
      "left": 182.4,
      "attrs": { "value": "1000" }
    }
  ],
  "connections": [
    [ "led1:C", "uno:GND.1", "green", [ "v67.2", "h-18.8" ] ],
    [ "led1:A", "r1:1", "green", [ "v0" ] ],
    [ "r1:2", "uno:8", "green", [ "v28.8", "h-68.4" ] ]
  ],
  "dependencies": {}
}